#Pdb,Mutation(s)_cleaned,ddG,Method,Notes
8ek5_E_ABC,EA58A,-0.4283138849,SPR,HLA mutation; Figure 1J
8ek5_E_ABC,EA62A,-2.341777499,SPR,HLA mutation; Figure 1J
8ek5_E_ABC,QA72A,-2.427024255,SPR,HLA mutation; Figure 1J
8ek5_E_ABC,TA73A,-1.037010354,SPR,HLA mutation; Figure 1J
8ek5_E_ABC,QA155A,0.1853022636,SPR,HLA mutation; Figure 1J
8ek5_E_ABC,TA163A,-0.02004930567,SPR,HLA mutation; Figure 1J
8ek5_E_ABC,QC1A,-0.1514179123,SPR,peptide mutation; Supp. Figure S16
8ek5_E_ABC,NC3A,-1.900784194,SPR,peptide mutation; Supp. Figure S16
8ek5_E_ABC,PC4A,-0.218889915,SPR,peptide mutation; Supp. Figure S16
8ek5_E_ABC,IC5A,-1.853896709,SPR,peptide mutation; Supp. Figure S16
8ek5_E_ABC,RC6A,-2.163521407,SPR,peptide mutation; Supp. Figure S16
8ek5_E_ABC,TC7A,-1.571367488,SPR,peptide mutation; Supp. Figure S16
8ek5_E_ABC,TC8A,-0.7164763546,SPR,peptide mutation; Supp. Figure S16
8ek5_E_ABC,IC5L,-0.3599641709,SPR,peptide mutation; estimated Kd values since exact value is not shared
8ek5_E_ABC,IC5V,-0.9093127415,SPR,peptide mutation; estimated Kd values since exact value is not shared
8ek5_E_ABC,IC5G,-2.071795605,SPR,peptide mutation; estimated Kd values since exact value is not shared
7stf_HL_ABC,VC6G,-2.053898355,SPR,peptide mutation
7stf_HL_ABC,FL53W,0.2997323567,SPR,TCRm mutation
7stf_HL_ABC,VH103N,-0.4363374962,SPR,TCRm mutation
7stf_HL_ABC,VH103R,0.4215750899,SPR,TCRm mutation
7stf_HL_ABC,"VH103R,VC6G",-1.431891085,SPR,TCRm and peptide mutation
7bh8_GH_ABP,"YG101S,YG102A,GG103Q,SG104Y",1.394407995,SPR,TCRm mutations (affinity maturation)
7bh8_GH_ABP,"YG101G,YG102A,GG103Q,SG104W",1.132138788,SPR,TCRm mutations (affinity maturation)
6uj9_HL_ABC,QC7R,-0.7602768907,SPR,peptide mutation; unique because residue faces inside HLA groove
6uj9_HL_ABC,"YH103H,QC7R",-1.987592654,SPR,TCRm and peptide mutation
6uj9_HL_ABC,YH103H,-0.3550468283,SPR,TCRm mutation
6w51_OP_DEF,HF8R,-1.815248758,SPR,peptide mutation
3hae_HL_ABC,"SL26E,SL96G",0.6280963838,SPR,T1 mutant vs. 3M4E5 TCR mimic
3hae_HL_ABC,"SL26E,SL96G,VC9C",0.8063524757,SPR,T1 mutant with peptide anchor residue mutation (not contacting TCRm)
3hae_HL_ABC,VC9C,-0.005530733156,SPR,peptide anchor residue mutation only