Article,Category
Anarchism,Knowledge
Abacus,Everyday life
Abortion,Everyday life
Analog Brothers,People
Agatha Christie,People
Azerbaijani Armed Forces,Geography
Asa,People
The Alan Parsons Project,People
Amazing Grace,Literature
Albert I,People
Alcaeus of Mytilene,People
Algiers,Geography
Ammonius Hermiae,People
Acre,Geography
Acquire,Everyday life
Apollo 16,Science
"Ann Arbor, Michigan",Geography
Armoured fighting vehicle,Science
Antonio Salieri,People
A.S. Roma,Everyday life
AW,Knowledge
"Angus, Scotland",Geography
Affray,Knowledge
Abhorrers,History
A Vindication of the Rights of Woman,Literature
Algemeen Nijmeegs Studentenblad,Literature
Abu al-Faraj al-Isfahani,People
Advanced Power Management,Science
Amblygonite,Science
Bead,Everyday life
Telecommunications in Belgium,Geography
Geography of Burundi,Geography
Book,Literature
Bernard Montgomery,People
Benedict of Nursia,People
Brouwer fixed-point theorem,Science
Bernardino Ochino,People
Big Dig,Geography
Book of Lamentations,Literature
B (programming language),Science
Bishkek,Geography
Black hole,Science
Bubblegum Crisis,Literature
Bob Wills,People
Ben Nevis,Geography
Battle of Bouvines,History
Christianity,Religion
Czech Republic,Geography
Contra dance,Everyday life
Transport in the Central African Republic,Geography
Politics of Cyprus,Geography
Codex,Literature
Caving,Everyday life
Bradycardia,Science
Cinema,Everyday life
Carl von Clausewitz,People
Calvin Coolidge,People
Christian Goldbach,People
Corvus (disambiguation),Knowledge
Celestines,Religion
Common Desktop Environment,Science
Charlton Athletic F.C.,Everyday life
Chandrasekhar limit,Science
Cortez,People
Christiaan Barnard,People
Crannog,History
Conspiracy,Knowledge
Hypothetical types of biochemistry,Science
Circumcision and law,Everyday life
City University of New York,Knowledge
CISC,Science
Controlled Substances Act,Everyday life
Celestial globe,Science
DNA,Science
Politics of Djibouti,Geography
Delta (letter),Language
Doctrine and Covenants,Religion
Decision problem,Science
Dartmouth College,Knowledge
Dachshund,Everyday life
Declination,Science
Outline of dance,Everyday life
D. B. Cooper,People
Dionysius Thrax,People
Dual Alliance (1879),History
Dale Chihuly,People
Elvis Presley,People
Transport in El Salvador,Geography
The Downward Spiral,Literature
Ericaceae,Science
Expected value,Science
List of extinct bird species since 1500,Science
European Convention on Human Rights,Knowledge
Espagnole sauce,Everyday life
Electronic musical instrument,Everyday life
Emperor,People
Eth,Language
Equal temperament,Science
Esperanto grammar,Language
Emperor Kenz≈ç,People
Association football,Everyday life
History of the Falkland Islands,History
Frequency,Science
FSF,Knowledge
Forgetting,Science
First-class cricket,Everyday life
Fortran,Science
Freikorps,History
List of Scots,People
"Fairmount, Indiana",Geography
Fundamental theorem of arithmetic,Science
Functional linguistics,Language
Field ion microscope,Science
Military of Germany (disambiguation),Geography
Demographics of Georgia (country),Geography
Demographics of Grenada,Geography
Film genre,Knowledge
Georges Braque,People
Genius,Knowledge
Ghost,Knowledge
Glasnost,History
Gimp,Science
Gerard Hengeveld,People
Grammatical conjugation,Language
Gram Parsons,People
GNU Lesser General Public License,Knowledge
"George, Duke of Saxony",People
Hormone,Science
Horace Walpole,People
High German languages,Language
Hermann Ebbinghaus,People
Hydrofoil,Science
History of France,History
Head end,Science
House of Orange (disambiguation),History
Hazaras,People
Hate speech,Everyday life
HMS Hercules,History
Hashish,Everyday life
Interpolation,Science
Politics of the Republic of Ireland,Geography
International Phonetic Alphabet,Language
International Union of Pure and Applied Chemistry,Science
Idempotence,Science
Intel 80286,Science
Islamic Jihad,Religion
International Monetary Fund,Knowledge
Identical particles,Science
Interrupt latency,Science
James Bond,Literature
Politics of Jordan,Geography
June 24,Knowledge
July 24,Knowledge
James Monroe,People
January 10,Knowledge
"Jackson County, Michigan",Geography
Jug (disambiguation),Everyday life
"John Jellicoe, 1st Earl Jellicoe",People
Rumi,People
John Climacus,People
Kilogram,Science
Telecommunications in Kyrgyzstan,Geography
Kilobyte,Science
Kashrut,Religion
Kernite,Science
Kangaroo,Science
Kilobit,Science
James Parry,People
Kendall Square Research,Knowledge
Elah,Geography
Lewis and Clark Expedition,History
Line Islands,Geography
Foreign relations of Lesotho,Geography
Lore,Knowledge
Lake Michigan,Geography
Little Nemo,Literature
Links (web browser),Science
Larry Niven,People
Labour,Everyday life
Leszek Miller,People
Latina,Geography
Language acquisition,Language
Lodovico Ferrari,People
Massachusetts Institute of Technology,Knowledge
Mississippian (geology),Geography
Molybdenum,Science
History of Mali,History
Mu-metal,Science
Mongolian Armed Forces,Geography
May 1,Knowledge
Martial arts,Everyday life
Mendelian inheritance,Science
Mary Rose,History
Murray River,Geography
Mosque,Religion
Murad II,People
Mohamed Al-Fayed,People
Meir Kahane,People
The Muppets,Literature
Politics of Myanmar,Geography